code,nama,office
007X,GUDANG 007,000000
0402,TPS/GD.KPBC TANJUNG PRIOK II,000000
200X,GUDANG 200X - POS E,000000
202X,LAPANGAN 202X,000000
207X,GD/LAP.207X,000000
209X,GD/LAP.209-210,000000
213X,GUDANG 213X,000000
300X,GD/LAP.300-302,000000
304X,GD/LAP.304-305,000000
4104,GUDANG 104,000000
7KAB,KABER PT. BONECOM,000000
AIRN,PT. AIRIN (DP3),000000
ASRI,KABER PT. BRENTANINDO ASRI,000000
BINA,PT. BINA SARANA  AMITY (DP3),000000
CENT,PT. CENTRAL SARANA NIAGA MAKMUR (DP3),000000
CVSU,CV. SETIAWAN UTAMA,000000
DHAR,KABER PT. DHARMA KARYA PERDANA,000000
DWIP,PT.DWIPA,000000
EXPR,KABER PT. DUNIA EXPRES,000000
FORD,PPGB PT. FORD MOTOR INDONESIA,000000
G107,GUDANG 107,000000
G114,GUDANG 114,000000
G115,GUDANG 115,000000
G201,GUDANG 201,000000
G203,GUDANG 203,000000
G813,GUDANG 108 -113,000000
GAPI,GUDANG API / PRIMANATA,000000
GCFS,GUDANG CFS NUSANTARA/PERCA,000000
GCTU,PT. GUNA CITRA TRANS UTAMA,000000
GDKP,GB PT DHARMA KARYA PERDANA,000000
GMS1,GUDANG MAS SATRIA,000000
GSAL,GLOBAL SARANA LOGISTIK,000000
GSRA,LAP.GRAHA SEGARA,000000
GTAM,GUDANG BERIKAT TOYOTA ASTRA MOTOR,000000
HMLA,PT. HARJA MUKTI LANGGENG (DP3),000000
INFO,KABER. PT. INFOPEN,000000
INTI,KABER. PT.BENOLI INTI KARYA,000000
JAYA,KABER. PT. LAUTAN JAYA KUMALA,000000
KARA,PT. KARAVAN (TPS),000000
KOJA,LAP KOJA - KSO TPK KOJA,000000
L006,TPS LAP 006-007 PT. PRIMA NP,000000
LOKA,KABER.  PT. PESAKA LOKA KIRANA,000000
MAPR,PT.MITRA ABADI PRATAMA(UGD),000000
MARU,KABER.  MARUNDA,000000
MBPU,PT. MULTI BINA PURA (DP3),000000
MMLG,MM LOGISTIK,000000
MORI,PT.MORIS (DP3),000000
MSAB,MULTI SEJAHTERA ABADI,000000
MSAP,PT.MSA,000000
NISE,PT. NIHON SEIKI INDONESIA,000000
NLIJ,PT. NITTSU LEMO INDONESIA LOGISTIK,000000
NUSA,KABER.  NUSANTARA TG. PRIOK,000000
PESA,PT. PESAKA LOKA KIRANA (TPS),000000
PGFA,PT. GELOMBANG FAJAR,000000
PJDC,PT. JAKARTA DISTRIBUTION CENTRE,000000
PLII,PT. PELABUHAN INDONESIA II,000000
PPUN,PT. PUNINAR SARANA RAYA,000000
PSAP,PT. PUTRA SIGAOL ARGANTA PERKASA,000000
PUNI,PT. PUNINAR PACIFIC (DP3),000000
RA33,GUDANG RA 33-35,000000
RAYA,PT.AGUNG RAYA,000000
RUNA,PT. BIMARUNA JAYA (DP3),000000
SDKP,TPS PT DHARMA KARYA PERDANA,000000
SENA,LAP. TIMBUN SENAWANGI,000000
SOSO,GUDANG PASOSO/CDC,000000
SUPA,GUDANG SUNDA KELAPA,000000
T09X,GUDANG DAN LAP. TIMBUN 009X,000000
T106,GUDANG DAN LAP. TIMBUN 106,000000
T208,GD/LAP.208,000000
T303,GD/LAP303,000000
TIKA,GD. DHARMA KARTIKA BAKTI,000000
TMAL,PT. MUSTIKA ALAM LESTARI,000000
TMKT,PT. MASAJI KARGOSENTRA TAMA,000000
TMSA,TPP PT. MULTI SEJAHTERA ABADI  ( TP I ),000000
TMSI,LAP. TIMBUN MTI (BANDA) 215X,000000
TNDO,PT. TRANSPORINDO LP,000000
TPK1,UTPK 1 IMPOR,000000
TPK2,UTPK II,000000
TPK3,UTPK III,000000
TRAN,TRANSPORTAMA SELATAN / T S I,000000
TRIS,PT. TRI SARI,000000
TRMA,PT. LAUTAN TIRTA TRANSPORTAMA,000000
TUNG,PT. TUNGYA COLLINS TERMINAL,000000
ULIM,PT. UJUNG LIMA (DP3),000000
UTPK,UTPK DUMMY,000000
123,IKC,009000
2022,APK2022,009000
250422,TEST-IKC25,009000
281,test gudang,009000
2910,Coba SB,009000
2X11,SCICIN,009000
666,666,009000
99,Sembian9,009000
999,TES2023,009000
A,PT,009000
ABC,ABC1,009000
AI,AI,009000
AISE,AISE,009000
APK22,APK,009000
C7,C7,009000
CCC,Command Center,009000
CK01,Gudang Cukai,009000
CK02,Gudang Cukai,009000
DABN,PT. Delta Artha Bahari Nusantara,009000
DIKC,DIKC,009000
DPI,DPI,009000
G001,G_pertama,009000
G2910,Group Gudang SB,009000
G666,GUDANG6,009000
GD01,GUDANG COBA,009000
GD12,Gudang IKC,009000
GDNG,Gudang Senjata,009000
GG1,GROUP GUDANG 1,009000
GRUP,Grup coba,009000
Glol3,lol3,009000
IKC,test IKC,009000
IKC-1,LANTAI 2,009000
IKC18822,mantap,009000
IKC2022,Gudang IKC,009000
IKC99,Sembila9,009000
IKCIKC,Gudang IKCIKC,009000
JOKI,JOKI 1,009000
KD-G1,GUDANG-1,009000
KYUTNM,2X11,009000
MESS,MESS,009000
PDG2022,Kijang 1,009000
PKIMLE,DIKCFajri,009000
R5,test5,009000
R7,Test7,009000
TB099,test,009000
TEST1,TEST1,009000
TEST2,TEST GUDANG 2,009000
TEST3,TEST GUDANG 3,009000
TT,oke,009000
abc123,abc123,009000
abcd,coba saja,009000
abdc,coba saja,009000
coba,TPSGUDANG,009000
lol2,lol2,009000
lol3,testing,009000
mess,mess dikc,009000
popop,popop,009000
tets,temfnf dfd2 sds,009000
APK,PT. ANGKASA PURA KARGO,010100
APK3,PT. ANGKASA PURA KARGO,010100
BS,PT. Birotika Semesta,010100
DHL,GUDANG BIROTIKA SEMESTA / DHL,010100
DHL3,PT. Birotika Semesta,010100
G0002,PT. POS INDONESIA (PERSERO),010100
G001,PT. ANGKASA PURA KARGO,010100
G002,G002,010100
GUDANG JASA ANGKASA SEMESTA,GUDANG JASA ANGKASA SEMESTA,010100
MONANG SIANIPAR ABADI,MONANG SIANIPAR ABADI,010100
MSA,MONANG SIANIPAR ABADI,010100
MSA3,PT. MONANG SIANIPAR ABADI,010100
POS,PT. POS INDONESIA (PERSERO),010100
1014,GUDANG 102 - 104,010700
1059,GUDANG 105 -109,010700
2030,GUDANG 201 - 203 & 301 - 303,010700
ART1,TPS PT ARTHA SAMUDRA KONTINDO,010700
ASK1,TPS ARTHA SAMUDRA KONTINDO,010700
G001,TPS GABION,010700
G002,TPFT GRAHA SEGARA,010700
G110,GUDANG 110 - 113,010700
GABI,LAP. PENUM. PETI KEMAS GABION,010700
G_PRIM,TPS PRIMA TERMINAL PETIKEMAS,010700
MERA,GUDANG MERAH 001 - 008,010700
MKT,TPS MKT,010700
PRIM,TPS PRIMA TERMINAL PETIKEMAS,010700
SG1,TPS SARANA GEMILANG UJUNG BARU,010700
G001,GROUP GUDANG 1,010800
NXS,GUDANG EKSPORTIR NEXUS,010800
PAW,Gudang Permata Arga Wisesa,010800
PGS,Grup Gudang 001,010800
POS,PT POS INDONESIA (PERSERO) KANTOR POS MEDAN,010800
Z14,Zona 14,010800
G001,Gudang 01,010900
ACPI,ALLIANCE,011000
ACPI 01,ALLIANCE,011000
SMNT 01,PT SMNT,011000
STP,PT STP,011000
STP1,PT STP,011000
UOI,UNILEVER,011000
UOI 01,PT UNILEVER,011000
UOI 02,PT API,011000
UOi 02,PT API,011000
GD01,TPS PELINDO,011100
INAL,Indonesia Asahan Aluminium,011200
KTMT,KUALA TANJUNG MULTIPURPOSE TERMINAL,011200
LPIN,Lapangan Penimbunan Inalum,011200
TMNA,PT. MULTIMAS NABATI ASAHAN,011200
1001,TANGKI TIMBUN MTP,011300
1002,DERMAGA PELABUHAN SIBOLGA,011300
1003,MUJUR TIMBER,011300
G001,TANGKI TIMBUN MTP,011300
GD01,GUDANG LAINNYA,011300
GD02,DERMAGA PELABUHAN SIBOLGA,011300
GD03,MUJUR TIMBER,011300
1A,Tanki Timbun PT. Wilmar Nabati Indonesia,011500
APKA,GUDANG TPS ANGKASA PURA KARGO,011500
G1,Pelabuhan,011500
G101,GUDANG 101,011500
G102,GUDANG 102,011500
G104,GUDANG 104,011500
GPS,Gudang Cilacap dan Gudang Persada,011500
LAINNYA,Tempat Yang Dipersamakan Dengan TPS Sesuai Persetujuan Kepala Kantor,011500
PRC!,Tanki Timbun PT. Padang Raya Cakrawala,011500
Pelabuhan,Pelabuhan,011500
T1,TPS Pelindo,011500
TPBPRC,Tanki Timbun PT. Padang Raya Cakrawala,011500
TPBUIP,Tanki Timbun PT. Usaha Inti Padang,011500
TPBWIM,Tanki Timbun PT. Wira Inno Mas,011500
TPBWNI,Tanki Timbun PT. Wilmar Nabati Indonesia,011500
UIP1,Tanki Timbun PT. Usaha Inti Padang,011500
WIM1,Tanki Timbun PT. Wira Inno Mas,011500
YARD,lapangan penimbunan / container yard,011500
TB01,Tanjung Balai Karimun,020100
TB02,Hanggar Parit Rempak,020100
TB03,Hanggar Moro,020100
TB04,Hanggar Tg. Batu / Tg. Berlian,020100
TB1,Tanjung Balai Karimun,020100
BT01,BATU AMPAR,020400
BT05,HANG NADIM,020400
BT07,KABIL PTK,020400
BT08,PUNGGUR,020400
BT09,SEKUPANG,020400
BT10,SEWU,020400
BT11,TELUK SENIMBA,020400
BT12,SAGULUNG / TANJUNG UNCANG,020400
BT13,BIROTIKA SEMESTA,020400
BT15,BINTANG 99 PERSADA,020400
BT23,GLOBAL LOGISTIK BERSAMA,020400
BT24,PT. ANDALAN EXPRESS INDONESIA,020400
BT25,ANGKASA PURA LOGISTIK,020400
BT26,PT MAJESTY GLOBAL SEJAHTERA,020400
BT27,PT POS INDONESIA (PERSERO),020400
BT28,FEDEX EXPRESS INTERNATIONAL,020400
BT7B,SEMBLOG,020400
PS01,SAMBU BLP,020400
BBT01,BANDAR BINTAN TELANI,020500
L01,LOBAM,020500
M01,Matak Base,020500
N01,NATUNA,020500
PTK1,PETEKA KARYA TIRTA,020500
TP01,PELABUHAN KIJANG,020500
TP02,PELABUHAN BATU VI,020500
TR01,TAREMPA,020500
TU01,PETEKA KARYA TIRTA,020500
TU02,TANJUNG UBAN,020500
G001,Gudang 1,020900
G002,Gudang 2,020900
GPLI,GUDANG PT PELINDO DUMAI,020900
GSDO,Gudang PT. SDO,020900
GSDS,Gudang PT. SDS Lubuk Gaung,020900
KIBP,KAWASAN INDUSTRI INTIBENUA,020900
LAIN,Gudang Luar Kawasan Pabean Lainnya,020900
P001,GUDANG PACIFIC INDOPALM INDUSTRIES,020900
BDP,GUDANG BENGKALIS DOCKINDO PERKASA,021100
BKS1,GUDANG IMPORTIR BENGKALIS,021100
GIA,GUDANG IMPORTIR ASEAN JAYA,021100
GIAJ,GUDANG IMPORTIR ASEAN JAYA,021100
GIES,GUDANG IMPORTIR ESSENSIAL SUCCES,021100
GISJ,GUDANG IMPORTIR SUMARLIN JAYA,021100
GPS,GUDANG MILIK PT.PELINDO I,021100
AKEK,Gudang Ekspor Angkasa Pura Kargo,021200
ANGK,Gudang Impor PT. Angkasa Pura II (Kargo),021200
APR,Gudang PT Asia Pasific Rayon,021200
APY,Gudang PT Asia Pacific Yarn,021200
BTN,Buatan RAPP,021200
G001,GBTA,021200
G002,ANGK,021200
G003,GPEL,021200
G004,FUTONG,021200
G005,IKPP,021200
G006,GPEB,021200
G007,Gudang Impor PT RAK (Kerinci Pos 2),021200
GBTA,Gudang Penimbunan PT. BTA (Sei Dukuh),021200
GBTN,GUDANG IMPOR PELABUHAN BUTON,021200
GDLK,Gudang di Luar Kawasan Pabean,021200
GLKC,Gudang Impor PT. LKC (Pekanbaru) Sei Duku,021200
GPEB,GUDANG PEBPI SIAK SRI INDRAPURA,021200
GPEL,Gudang Impor PT. Pelindo Perawang,021200
GPLI,Gudang Impor PT. PLI (Perawang),021200
GPPI,Gudang Impor PT. PPI (Perawang),021200
GRAK,Gudang Impor PT RAK (Kerinci Pos 2),021200
GRAPP,Gudang Impor PT RAPP,021200
IKPP,Gudang Impor PT IKPP (Perawang),021200
LFTG,Lapangan Penimbunan Futong,021200
LPEL,Lapangan Penimbunan Container PT. Pelindo,021200
RAPP,Gudang Impor PT. RAPP Buatan (KB),021200
SYI1,GUDANG SURYA INTI PRIMAKARYA,021200
0011,DERMAGA PELABUHAN SENDOLAS,021500
0012,PELABUHAN PELINDO KUALA CENAKU - RENGAT,021500
0013,LAPANGAN PENIMBUNAN PT. BANYU BENING UTAMA,021500
0014,PELABUHAN TELUK BAGUS,021500
0015,GUDANG ARJUNA CORPORATION,021500
0016,TPS PT. AGRO SARIMAS INDONESIA,021500
0017,GUDANG H. SINRING,021500
0018,GUDANG PARIT 7 TEMBILAHAN,021500
0019,DERMAGA PT. BHUMIREKSA NUSASEJATI,021500
0020,PELABUHAN HK SUNGAI GUNTUNG,021500
0021,LAPANGAN PENIMBUNAN DESA TANJUNG SIMPANG,021500
0022,GUDANG PT. TH. INDO PLANTATIONS,021500
0023,DERMAGA KAWASAN BERIKAT PT. PSKE,021500
0024,DERMAGA KAWASAN BERIKAT PT. PSG,021500
0025,DERMAGA KAWASAN BERIKAT PT. RSUP,021500
0026,KAWASAN PELABUHAN SEI BAYAS,021500
0027,GUDANG PARIT 5 TEMBILAHAN,021500
0028,TALANG JERINJING RENGAT,021500
0029,PELABUHAN ALI SUNGAI GUNTUNG,021500
0030,GUDANG H.SUDIR,021500
0031,GUDANG EDI PARIT 8 SUNGAI GUNTUNG,021500
0032,PT. SUMATRA TIMURINDONESIA,021500
0033,GUDANG H.YAHYA KUALA ENOK,021500
0034,PKS-TJS RENGAT,021500
0035,PKS PT. GIN DESA TANJUNG SIMPANG - PELANGIRAN,021500
0036,GUDANG H. SAMAN PARIT 8 TEMBILAHAN,021500
0037,GUDANG MARLIS - PARIT 8 SUNGAI GUNTUNG,021500
0038,GUDANG H. SAMAN PARIT 9 TEMBILAHAN,021500
0039,GUDANG SULTAN PARIT 8 SUNGAI GUNTUNG,021500
0040,GUDANG SUPRIYADI - PARIT 8 SUNGAI GUNTUNG,021500
013,Lapangan Penimbunan PT. Banyu Being Utama,021500
11,DERMAGA PELABUHAN SENDOLAS,021500
12,PELABUHAN PELINDO KUALA CENAKU - RENGAT,021500
13,Lapangan Penimbunan PT. Banyu Bening Utama,021500
14,PELABUHAN TELUK BAGUS,021500
15, Gudang di Tembilahan,021500
16,TPS PT. AGRO SARIMAS INDONESIA,021500
17,GUDANG H. SINRING,021500
18,GUDANG PARIT 7 TEMBILAHAN,021500
19,Dermaga PT. Bhumireksa Nusasejati,021500
20,PELABUHAN HK SUNGAI GUNTUNG,021500
21,LAPANGAN PENIMBUNAN DESA TANJUNG SIMPANG,021500
22,GUDANG PT. TH. INDO PLANTATIONS,021500
23,DERMAGA KAWASAN BERIKAT PT. PSKE,021500
24,DERMAGA KAWASAN BERIKAT PT. PSG,021500
25,DERMAGA KAWASAN BERIKAT PT. RSUP,021500
26,KAWASAN PELABUHAN SEI BAYAS,021500
27,GUDANG PARIT 5 TEMBILAHAN,021500
28,TALANG JERINJING RENGAT,021500
29,PELABUHAN ALI SUNGAI GUNTUNG,021500
30,GUDANG H.SUDIR,021500
31,GUDANG EDI PARIT 8 SUNGAI GUNTUNG,021500
32,PT. SUMATRA TIMURINDONESIA,021500
33,GUDANG H.YAHYA KUALA ENOK,021500
34,PKS-TJS RENGAT,021500
35,PKS PT. GIN DESA TANJUNG SIMPANG - PELANGIRAN,021500
36,GUDANG H. SAMAN PARIT 8 TEMBILAHAN,021500
37,GUDANG MARLIS - PARIT 8 SUNGAI GUNTUNG,021500
38,GUDANG H. SAMAN PARIT 9 TEMBILAHAN,021500
39,GUDANG SULTAN PARIT 8 SUNGAI GUNTUNG,021500
40,Pelabuhan H.Jafar - Jl. Gerilya Parit 7 - Tembilahan,021500
41,Pelabuhan Rumbai Jaya,021500
42,Gudang Kawasan Berikat PT. ISK,021500
43,Pelabuhan Gudang Supriyadi - Parit 8 Sungai Guntung,021500
44,Gudang Mitra Asia Indragiri,021500
G,Gudang di Sungai Guntung,021500
Guntung,Guntung,021500
Tembilahan,Gudang di Tembilahan,021500
3,BANDARA SMB,030100
BBHI,GUDANG BOOM BARU,030100
BBPK,Gudang UTPK,030100
BM,BOOMBARU,030100
G008,PT MARIANA BAHAGIA,030100
GDIM,Gudang Importir,030100
KPS,KANTOR POS,030100
OKI,TPS OKI,030100
OKPP,OKI PULP & PAPER,030100
PMB,PT MARIANA BAHAGIA,030100
ALSN,GUDANG PT ALISAN CATUR PAGAR DEWA,030200
DKPSBM,Gudang PT. Sinarbaai Mandiri,030200
GDIM,GUDANG IMPORTIR,030200
IDPB,PELINDO NUSANTARA,030200
IPC,Pellindo II Bengkulu,030200
KLS,TONGKANG PT KUDA LAUT SEJAHTERA,030200
SBM,GUDANG PT SINARBAAI MANDIRI,030200
001,PANGKALBALAM,030300
002,PELABUHAN KHUSUS PT. TIMAH MUNTOK,030300
044,GUDANG IMPORTIR TUNAS KARYA SHAKTI,030300
050,GUDANG IMPORTIR PT. SARANA JAMBI UTAMA,030300
052,GUDANG IMPORTIR PT. BEHN MEYER,030300
082,GUDANG PT BUMI PRAKARSA SEJAHTERA,030300
096,Gudang Importir PT. Menara Cipta Mulia,030300
097,Gudang Importir PT. Mutiara Prima Sejahtera,030300
098,Gudang Importir PT. Gunung Maras Lestari,030300
099,BANDARA DEPATI AMIR,030300
100,BANDARA DEPATI AMIR,030300
101,Bandara Depati Amir,030300
102,Jetty PT. Dok Wijaya Mandiri,030300
103,Gudang Importir PT. Sariwiguna Binasentosa,030300
104,Gudang Importir PT. Stanindo Inti Perkasa,030300
GLK,Gudang Luar Kawasan Pabean,030500
KBSWP,Kawasan Berikat PT Steelindo Wahana Perkasa,030500
KPTJQ,Kawasan Pabean Pelabuhan Tanjungpandan,030500
PTP1,Lapangan Penimbunan PTP,030500
PTP2,Lapangan Penimbunan Peti Kemas PTP,030500
PTP3,Gudang Penimbunan PTP,030500
PTPD,PELABUHAN TANJUNG PANDAN,030500
RJ,Gudang PT Rebinmas,030500
UTPK,Terminal Peti Kemas,030500
BINS,Gudang PT. Bintang Selamanya,030600
BNP1,Gudang PT. Budi Nabati Perkasa,030600
BUST,Bandar Udara Sultan Thaha,030600
BUT,GD. BUT Petrochina,030600
CVBU,GD CV.BERKAT USAHA,030600
GDEWF,Gudang PT. Erasakti Wiraforestama,030600
GDM,Gudang PT Mitra Liga Sukses,030600
GSJU,Gudang PT Sarana Jambi Utama,030600
GSKA,GUDANG CV SUMBER KARYA ABADI,030600
Gudang Kurnia Tunggal Nugraha,KTN,030600
JASI,Gudang PT. Jasmine Indah,030600
KTKL,KUALA TUNGKAL,030600
KTN,GUDANG KURNIA TUNGGAL NUGRAHA,030600
LK,LUAR KAWASAN,030600
LPPI,Gudang PT. LPPI,030600
LPPPI,LPPPI,030600
MSBK,MUARA SABAK,030600
NIP,NIPAH PANJANG,030600
PEL2,Gudang PT.Pelindo II,030600
PELM,Pelabuhan Muara Sabak,030600
PO01,PERINTIS LINTAS TALANG DUKU - PACIFIC INDOPALM INDUSTRIES,030600
PTBS,GD. PT. Budiman Sukses,030600
PTJI,GD PT.JASMINE INDAH,030600
PTJI1,Gudang PT JASMINE INDAH,030600
SDS2,Perintis Lintas Talang Duku - Sari Dumai Sejati,030600
AJP,Aman Jaya Perdana,030700
DIPA,DIPASENA,030700
FI1,FERMENTECH INDONESIA,030700
G001,GROUP 001,030700
GD01,GUDANG 01,030700
GD02,GUDANG 02/03,030700
GD07,GUDANG IMPORTIR 2,030700
GD09,GUDANG IMPORTIR 1,030700
GGP1,Great Giant Pineapple Terbanggi,030700
GGPI,Great Giant Pineapple Terbanggi,030700
GL01,GUDANG PT. POS INDONESIA,030700
PBA,PUTRABALI ADYAMULIA,030700
PSI,Phillips Seafoods Indonesia,030700
SIP,PT SUMBER INDAHPERKASA,030700
SIP1,PT SUMBER INDAHPERKASA,030700
SJIM,PT SINAR JAYA INTI MULYA,030700
TesKDGudang-Aditya,TesNMGudang-Aditya,030700
UTPK,UNIT TERMINAL PETI KEMAS,030700
101U,LAP 101U-101. PT. PELINDO II,040300
106X,LAP 106X-PELINDO PRIOK. PT,040300
213,PAGi,040300
214X,LAP 214X SELATAN,040300
215X,LAP 215X - M T I. PT,040300
221X,GUDANG DAN LAPANGAN 221X,040300
223X,LAPANGAN 223X,040300
909,COBA SORE,040300
AB16,GUDANG DAN LAPANGAN AMBON,040300
AIRN,PT. AIRIN (DP3),040300
ARN1,GD & LAP (UTARA) - AIRIN. PT,040300
ARN3,EX. LAP BOLA (AIRIN. PT),040300
BAK1,Lap. Petikemas dan Gudang PT. Buana Amanah Karya,040300
BAND,GD & LAP CDC BANDA - MTI. PT,040300
BERD,GD & LAP - BERDIKARI. PT,040300
CART,CAR TERMINAL-PELINDO. PT,040300
CDP1,Gudang CDP,040300
DHAR,PT. DHARMA KARYA PERDANA,040300
DKB0,DHARMA KARTIKA BHAKTI. PT,040300
GCFS,GD CFS NUSANTARA -MTI. PT,040300
GSRA,LAP G. SEGARA-GRAHA S. PT,040300
ISM1,GD - INDOFOOD SM. PT,040300
KOJA,LAP KOJA-KSO TPK KOJA,040300
KTM0,LAP. PENIMBUNAN PETIKEMAS PT KODJA TERRAMARIN,040300
MKT1,Gudang dan Lapangan 222x,040300
MTI1,LAP. HALAL HUB PT MTI JL. SULAWESI NO. 1,040300
NCT1,NEW PORT CONTAINER TERMINAL ONE,040300
PESA,PT. PESAKA LOKA KIRANA (TPS),040300
PRJP,LAP PETI KEMAS EX. AREAL KBN,040300
RAYA,GD&LAP JL BANGKA - AR. PT,040300
SDKP,TPS PT DHARMA KARYA PERDANA,040300
T007,GUDANG & LAPANGAN 007. PT. PELINDO II,040300
T303,LAP303=304-305-TANGGUH SJ.PT,040300
TER3,EX.TBB - GUDANG 301-305,040300
TLKP,TIMBUN LUAR KAWASAN PABEAN,040300
TMAL,LAP 212&300-MAL. PT,040300
TND2,GD & LAP 2-TRANSPORINDO LIMA PERKASA - KEP-4483,040300
TNDO,GD & LAP -TRANSPORINDO LIMA PERKASA. PT,040300
TPFT,TPFT JICT,040300
TPK1,UTPK I - JICT. PT,040300
TRMA,GD&LAP-LAUTAN T. TRANS. PT,040300
UTPK,UTPK III,040300
WIRA,WIRA MITRA PRIMA. PT,040300
1100,Wilayah Kerja I,040400
1200,Wilayah Kerja III,040400
1300,Wilayah Kerja I,040400
1400,Wilayah Kerja II,040400
2100,Wilayah Kerja III,040400
2200,Wilayah Kerja I,040400
2400,Wilayah Kerja I,040400
3100,Wilayah Kerja II,040400
3400,Administrasi TPB III-04,040400
3600,Wilayah Kerja II,040400
3800,Wilayah Kerja I,040400
4100,Wilayah Kerja I,040400
4200,Wilayah Kerja II,040400
4300,Wilayah Kerja III,040400
4400,Wilayah Kerja I,040400
5100,Wilayah Kerja III,040400
5200,Wilayah Kerja III,040400
5300,Wilayah Kerja III,040400
5400,Wilayah Kerja III,040400
6100,Wilayah Kerja II,040400
6300,Wilayah Kerja II,040400
6400,Wilayah Kerja II,040400
7100,Wilayah Kerja I,040400
8100,TPS PT.JASA ANGKASA SEMESTA,040400
8300,Wilayah Kerja I,040400
8500,Wilayah Kerja II,040400
8600,Khusus TPS PT PSMA,040400
9000,TPS PT. BINA SINAR AMINITY,040400
9003,TPS PT. NYK PUNINAR,040400
9005,TPS PT. ZONA TIGA LINTAS,040400
9008,TPS PT. BALETAMA JAYA MANDIRI,040400
9009,TPS PT. JASA UTAMA CARGO,040400
9010,CV. Mitra Al Amin,040400
CIS1,TPS CARDIG INTERNASIONAL SUPPORT,040400
G001,GROUP 1,040400
G002,GROUP2,040400
G003,TPS PT. JASA UTAMA CARGO,040400
JAS3,PT JASA ANGKASA SEMESTA,040400
GD01,TPS PT. POS INDONESIA PASAR BARU,040600
GD02,TPS E-COMMERCE PT. POS INDONESIA PASAR BARU,040600
GL01,TPS POS BANDAR LAMPUNG,040600
2B11,PT Tunas Wiratama Perkasa,050100
AEI2,PT Avatar Express Indonesia,050100
APKE,ANGKASA PURA KARGO,050100
APKI,ANGKASA PURA KARGO,050100
APKP,PT Angkasa Pura Kargo,050100
APRI,TPS-PT. ANGKASA PURA II - IMPOR,050100
BML1,PT BERDIRI MATAHARI LOGISTIK,050100
CAR1,PT CARDIG INTERNASIONAL SUPPORT,050100
CAS2,PT Chandra Adi Sentosa,050100
CIMP,GUDANG CARDIG IMPOR,050100
CJGL,CJ-GLS,050100
CLI1,TPS-TNS CITRABATI LOGISTIK INTERNASIONAL,050100
DBME,PT Dharma Bandar Mandiri,050100
DBMI,PT Dharma Bandar Mandiri,050100
DS02,PT DSV TRANSPORT INDONESIA,050100
DS03,PT DSV TRANSPORT INDONESIA,050100
DS04,PT DSV TRANSPORT INDONESIA,050100
DS06,PT DSV TRANSPORT INDONESIA,050100
DXKT,TPS-PT. DEXTER EUREKATAMA,050100
EPIA,PT. EKSPRES PARCEL INDONESIA,050100
FEDX,GUDANG FEDEX,050100
FM01,PT. FM GLOBAL LOGISTICS,050100
G001,GROUP JAS,050100
G002,GROUP TNS,050100
G003,GROUP BGD,050100
GAJT,GARUDA INDONESIA PJT,050100
GATE,GHITA AVIA TRANS,050100
GATI,GHITA AVIA TRANS,050100
GBDL,PT. BANGUN DESA LOGISTINDO,050100
GBGD,GUDANG BANTEN GLOBAL DEVELOPMENT,050100
GBGF,GUDANG BANTEN GLOBAL DEVELOPMENT,050100
GBGT,GUDANG BANTEN GLOBAL DEVELOPMENT,050100
GCPL,GUDANG C & P LOGISTICS INDONES,050100
GDHL,GUDANG DHL,050100
GDJT,WAHANA DIRGANTARA INDONESIA,050100
GDWD,GUDANG WAHANA DIRGANTARA,050100
GDWF,GUDANG WAHANA DIRGANTARA INDONESIA,050100
GDWI,GUDANG WAHANA DIRGANTARA IMPOR,050100
GELK,GARUDA ENERGI LOGISTIK KOMERSIAL,050100
GGMF,GARUDA MAINTENANCE FACILITIES,050100
GGWI,GUDANG GEODIS WILSON INDONESIA,050100
GIBS,TPS-TNS INTI BANGUN SELARAS,050100
GIMP,GUDANG GARUDA IMPOR,050100
GJDC,TPS-TNS DHL PT. BIROTIKA SEMESTA,050100
GLFC,TPS-TNS GLOBAL FREIGHT CONSOLIDATAMA,050100
GPPL,PANAH PERDANA LOGISINDO,050100
GPRA,GAPURA ANGKASA,050100
GUCT,TPS Unggul Cipta Trans,050100
GUEL,TPS PT. UNIVERSAL EKSPRES LOGISTINDO,050100
IBS2,INTI BANGUN SELARAS 2,050100
IGLB,TPS-TNS INTI GLOBAL LOGISTICS,050100
IMSI,IMS LOGISTICS INDONESIA,050100
IPRT,PT. PERIGI RAJA TERPADU,050100
JGE1,PT. JUSTINDO GLOBAL EKSPRES,050100
JGE2,PT Justindo Global Ekspres,050100
JRDN,TPS-TNS JARINGAN DINAMIKA,050100
JWI2,PT JAS Worldwide Indonesia,050100
KBPI,PT KARYA BAKTI PERSADA CARGO,050100
KENA,PT KARGO EXPRESS NUSANTARA,050100
LE01,TPS LINTAS EKSPRES N.C.,050100
LOGW,TPS-TNS GUDANG LOGWIN AIR & OCEAN INDONESIA,050100
LWPH,PT Logwin Air And Ocean Indonesia,050100
MATR,MITRA ATLANTIK TRANSINDO,050100
MSA1,PT MONANG SIANIPAR ABADI,050100
MSA4,PT. MONANG SIANIPAR ABADI,050100
MSA5,PT MONANG SIANIPAR ABADI,050100
MUE1,PT. MITRA UTAMA EXPRESS,050100
NFII,PT. KUEHNE NAGEL INDONESIA,050100
NRGL,PT NNR RPX GLOBAL LOGISTICS INDONESIA,050100
PGTI,PT PRIMA GLOBAL TRANS,050100
PNMI,TPS-TNS PUNINAR MSE INDONESIA,050100
POSE,GUDANG TPS POS EKSPOR,050100
POSI,GUDANG TPS POS IMPOR,050100
PX01,PT. PANTOS EXPRESS,050100
SII2,TPS-TNS PT Senator International Indonesia,050100
SKK2,PT SINERGI KARYA KHARISMA,050100
SLII,PT SINERGI LOGISTIK INDONESIA,050100
SPLI,TPS-TNS SPEEDMARK LOGISTIK INDONESIA,050100
TA01,TPS-TNS NIPPON EXPRESS INDONES,050100
TA02,TPS-TNS SCHENKER PETROLOG U,050100
TA03,TPS-TNS UNIAIR INDOTAMA,050100
TA04,TPS-TNS DFDS,050100
TA05,TPS-TNS PANALPINA NUSAJAYA TRN,050100
TA08,TPS-TNS BAX GLOBAL LOGISTIK,050100
TA10,TPS-TNS K LINE AIR SERVICE INDONESIA,050100
TA11,TPS-TNS FAJAR INSAN NUSANTARA,050100
TA12,TPS-TNS TABITHA EXPRESS,050100
TA13,TPS-TNS TABHITA EXPRESS,050100
TA15,TPS-TNS GREEN AIR PACIFIC,050100
TB01,TPS-TNS FRITZ LOGISTICS INDONE,050100
TB05,TPS-TNS DANZAS SARANA PERKASA,050100
TB06,TPS-TNS EXPEDITOR INDONESIA,050100
TB08,TPS-TNS UNGGUL CIPTA TRANS,050100
TB09,TPS-TNS MONANG SIANIPAR ABADI,050100
TB10,TPS-TNS RITRA CARGO INDONESIA,050100
TB11,TPS-TNS SKYPAK INT. (TNT),050100
TB12,TPS-TNS GEOLOGISTICS IND. P,050100
TB13,TPS-TNS KINTETSU WORLD EX. IND,050100
TB14,PT PELANGI SEMESTA,050100
TB15,TPS-TNS GUDANG CARDIG LOGISTICS INDONESIA,050100
TB21,PT SKYPAK INTERNATIONAL,050100
TE03,TPS-TNS PRIMA INTERNATIONAL C.,050100
TE08,TPS-TNS YUSEN AIR & SEA INDON,050100
TE11,TPS-TNS SDV LOGISTICS INDONESIA,050100
TJ10,TPS-TNS CERINDO TRANSPORT LOGISTIK,050100
TMNI,TPS-TNS MAKTRANS NUSA INDAH,050100
TPEI,TAS PUNINAR EXPRESS INDONESIA,050100
TRKI,PT. TRANS KARGO INTERNASIONAL,050100
TSLM,TPS-TNS SKY LIGHT MULTITRADA,050100
TUTI,TPS-UNION TRANS INTERNUSA,050100
TZ01,TPS-TNS ABX TABITHA LOGISTIK,050100
UELI,PT UNIVERSAL EKSPRES LOGISTINDO,050100
UNEX,GUDANG UNEX INTI INDONESIA,050100
VALI,TPS-TNS  VINFLAIR LOGISTICS INDONESIA,050100
YIFI,PT. YAMATO INDONESIA FORWARDING,050100
BPG,BUSANA PRIMA GLOBAL,050300
BSK,BEST SEJATI KONESIA,050300
CSA,CAHAYA SUBUR ABADI,050300
DASAN,DASAN PAN PACIFIC INDONESIA,050300
ENERGIZER INDONESIA,ENERGIZER INDONESIA,050300
FOTS,FRESH ON TIME SEAFOOD,050300
GDKITE,Gudang KITE,050300
GREAT,GREAT APPAREL INDONESIA,050300
GSI2,GLOSTAR INDONESIA II,050300
IDBIG,BUSANA INDAH GLOBAL,050300
IDKITE,Gudang KITE,050300
IDKORDS,INDO KORDSA,050300
IDKORDSA,Gudang Eksportir,050300
JSJKT,JS JAKARTA,050300
JX,PRATAMA ABADI INDUSTRI,050300
KB,Kawasan Berikat,050300
L&B,L & B INDONESIA,050300
LDR,LEADERS WORLD,050300
LIZA,LIZA CHRISTINA GARMENT INDUSTRY,050300
MFARMA,MEDIFARMA LABORATORIES,050300
MT,MUARA TUNGGAL,050300
NINA,NINA VENUS INDONUSA,050300
NINA2,NINA VENUS INDONUSA,050300
NOBLE,NOBLE INDONESIA,050300
PICI,PANASONIC INDUSTRIAL COMPONENTS INDONESIA,050300
PPF,PPF INDONESIA,050300
SDI,SELARAS DONLIM INDONESIA,050300
STAR,STAR COMGISTIC INDONESIA,050300
STARC,STAR COMGISTIC INDONESIA,050300
WOOSHIN,WOOSHIN INDONESIA,050300
XCT,XACTI,050300
YHS,YOUNGHYUN STAR,050300
YJ,Yongjin Javasuka,050300
YJIN2,Yongjin Javasuka 2,050300
kenlee,PT KENLEE,050300
0200,GT. PETROCHEN,050400
4554,GT. PETROCHEN,050400
A001,PT. KRAKATAU STEEL/ PELINDO II,050400
A003,PT. MERAK MAS,050400
A004,PT. PELABUHAN TANJUNG PRIOK,050400
A006,PT. BUMI MERAK TERMINALINDO,050400
A007,PT. CABOT INDONESIA,050400
A010,PT. SULFINDO ADIUSAHA,050400
A011,PT. TOMINDOMAS BULK TANKER,050400
A012,PT. UNGGUL INDAH CO.,050400
A013,PT.  RODECO,050400
A015,PT. GUNANUSA,050400
A016,PT. DOVER CHEMICAL,050400
A018,PT. VOPAK TERMINAL MERAK,050400
A019,PT. POLYCHEM LINDO,050400
A023,PT. BARIA BULK TERMINAL,050400
A024,PT. STYRINDO MONO INDONESIA,050400
A026,PT. ASPHALT BANGUN SARANA,050400
A027,PT. GAJAH TUNGGAL,050400
A028,PT. LOTTE CHEMICAL TITAN NUSANTARA,050400
A030,PT. CEMINDO GEMILANG,050400
A031,PT. POLYCHEM INDONESIA. TBK,050400
A032,PT. Chandra Asri Petrochemical,050400
A034,PT. MITSUBISHI CHEMICAL INDONESIA,050400
A035,PT. CASTROL MANUFACTURING INDONESIA,050400
A036,PT. AKR CORPORINDO TBK,050400
A037,PT. ASAHIMAS CHEMICAL,050400
A038,PT. STANDARD TOYO POLYMER,050400
A039,PT. CERESTAR FLOUR MILLS,050400
A040,PT. TARUNA BINA SARANA,050400
A041,PT. SENTRAL GRAIN TERMINAL,050400
B027,PT. SAMUDRA MARINE INDONESIA,050400
B029,PT. GUNANUSA UTAMA FABRICATORS,050400
BSFI,PT. BASF INDONESIA,050400
C007,PT. BMS / ANGEL PRODUCTS,050400
C012,PT. SENTRA USAHATAMA JAYA,050400
C013,PT. JAWAMANIS RAFINASI,050400
C018,PT. PERMATA DUNIA SUKSES UTAMA,050400
C023,PT. CITRA BARU STEEL,050400
C024,PT. PUNDI KENCANA,050400
C025,PT. OILTANKING MERAK,050400
C027,Gudang PT. Berkah Manis Makmur,050400
C029,PT. DUTA SUGAR INTERNATIONAL,050400
G001,GROUP 001,050400
G022,PT. JAWAMANIS RAFINASI,050400
IRP,PT. INDORAMA PETRO CHEMICAL,050400
PTM2,PERTAMINA TANJUNG SEKONG,050400
PTMN,PERTAMINA GEREM,050400
CLUSTER 03,AICHITEX - GAHA,050500
CLUSTER 09,SILVERKRIS. GRANDTEX,050500
CLUSTER 13,FOREVER FENGTAY,050500
CLUSTER 15,GREENTEX - UNICORN,050500
CLUSTER 17,DI-GE-NTP,050500
CLUSTER 21,TRISCO - SEIKO,050500
CLUSTER 24,CCH - KSD,050500
CLUSTER 26,KWANGDUK,050500
G004,Grup Gudang MAU,050500
G005,Pos Lalu Bea Bandung,050500
G008,TPP SIPATEX,050500
G009,Kawasan Husein Sastreanegara,050500
G010,KAWASAN HUSEIN SASTRANEGARA,050500
MAU,Mitra Adira Utama,050500
TPKB,Terminal Peti Kemas Bandung,050500
cluster 13,FOREVER FENGTAY,050500
2504,TES-IKC,050600
AP2,PT.ANGKASA PURA II (Persero),050700
BLGN,BALONGAN,050700
BMU,Tanki PT. Bhakti Mingasutama,050700
CEP,Jetty Terminal Khusus PT. Cirebon Energy Prasarana,050700
CRB,CIREBON,050700
DOCK,PT. DOCK BAHARI NUSANTARA CIREBON,050700
GNGC,GUDANG PT. NIAGA GARAM CEMERLANG KANCI,050700
GUDANG,GUDANG,050700
JAS,PT. JASA ANGKASA SEMESTA,050700
JAT1,LAP. PENIMBUNAN MUARA JATI I,050700
JIM,PT JIMMULYA,050700
KI21,TANKI D.2101A DAN D.2101B,050700
KPCN,KANTOR POS CIREBON,050700
KPI,PT. KILANG PERTAMINA INTERNASIONAL,050700
PDL,PABRIK PT. KURNIA ARTHA PRATIWI,050700
PLT2,Lap Penimbunan PLTU2 Kanci,050700
T.92,TANGKI TIMBUN PERTAMAX,050700
T01,TANGKI 1 PT. PAKARTI,050700
T2-3,TANKI 2 DAN 3 PT PAKARTI,050700
TANG,42T101A/B/C/D/E/F/G & 42T102A/B,050700
TANK,T.210-211-212-213-214-215-216 & 217,050700
TJT,TANKI PT JAYA TRADE,050700
TNSM,TANKI 1 PT. NUSA SARANA MANDIRI,050700
TPA,TANKI PAKARTI,050700
TR92,TANKI TIMBUN PERTAMAX,050700
TR95,TANKI TIMBUN PERTAMAX PLUS,050700
TT2.3,PT Bahtera Multi Terminal,050700
MBPI,Multi Bina Pura International,050800
PT01,GUDANG PATIMBAN,050800
PTB01,GUDANG PATIMBAN,050800
TLKP1,TIMBUN LUAR KAWASAN PABEAN,050800
CDP1,Gudang Penimbunan CDP Satu,050900
-,-,051000
CDP1,Gudang CDP,051000
CFS,GUDANG CARGO,060100
DAMA,Gudang Della Arka Mandiri,060100
G001,GROUP 1,060100
G002,GROUP 2,060100
GANI,GUDANG A. YANI,060100
GATA,PT. ANUGRAH TANGGUH ABADI,060100
GDHL,GUDANG BIROTIKA SEMESTA,060100
GIJS,GUDANG INDRA JAYA SWASTIKA,060100
GMAJ,GUDANG MERCUSUAR ABADI JAYA,060100
GMTN,GUDANG TRANSMARINE ANUGRAH EXPRESSINDO,060100
GPEL,GUDANG LINI 2 PELINDO III,060100
GPOS,GUDANG KANTOR POS,060100
GSM,Gudang Samudera,060100
GSMD,Gudang Samudera 2,060100
JKSL,GUDANG JKS LOGISTIK,060100
MAJL,GUDANG MAJ LOGISTIK INDONESIA,060100
UTPK,UNIT TERMINAL PETI KEMAS,060100
GD,Gudang Importir,060400
GD02,Gudang Importir,060400
GI,Gudang Importir,060400
LPI,Lapangan Penimbunan Importir,060400
PA60,Pertamina Area 60,060400
PA70,Pertamina Area 70,060400
TI01,Tanjung Intan,060400
TTL,Terminal Transit Lomanis,060400
002,EKSPORTIR,060600
BSL,PT Buana Samudra Lestari,060600
DLS,PT Dan Liris,060600
DSK,PT DEWI SAMUDRA KUSUMA,060600
G001,GROUP 001,060600
GI,PT GLOBALINDO INTIMATES,060600
GPIS,PT POS INDONESIA (PERSERO) KANTOR POS SOLO,060600
HIK,PT Hansol Indo Klaten,060600
HTJ,PT HAN TOP JAYA,060600
JJ,PT JJ Gloves Indonesia,060600
JJG,PT JJ GLOVES INDONESIA,060600
JSC,PT JS Corp Indonesia,060600
KABER,KAWASAN BERIKAT,060600
KNN,PT Kanaan Global Indonesia,060600
MON,PT MONDRIAN,060600
NESIA PAN,PT Nesia Pan Pacific Clothing,060600
PRV,PT PAN RAMA VISTA GARMENT INDUSTRIES,060600
PSM,PT Pamor Spinning Mills,060600
PUR1,TPS PT. ANGKASA PURA I,060600
PUR2,TPS PT. ANGKASA PURA II,060600
SKM,PT Sinar Klaten Makmur,060600
SOLO,SOLO MURNI,060600
SSI,PT Seshin Sragen Indonesia,060600
TAI,PT TUPAI ADYAMAS INDONESIA,060600
THGI,PT TUNG HONG GARMENT INDONESIA,060600
TXR,PT TEXTILE REPUBLIC,060600
YJS,PT Young Jin Sport Indonesia,060600
polyhaus,PT POLYTECH HAUSEN,060600
0001,PT. Angkasa Pura I,060700
AYIA,PT. ANGKASA PURA LOGISTIK YIA,060700
MPCY,KANTOR POS LALU BEA YOGYAKARTA,060700
KEK001,GUDANG KEK Kendal,060800
KEK01,GUDANG KEK KENDAL,060800
MGL,MAGELANG,061100
TMG,TEMANGGUNG,061100
BOGA,INDOFOOD BOGASARI,070100
BTTL,BULK TELUK LAMONG,070100
CALN,ALN CONTAINER,070100
CEGI,EGI CONTAINER,070100
CIJS,IJS CONTAINER,070100
CJAM,JAMRUD CONTAINER,070100
CKPL,CONT KARANA PANORAMA LOGISTIK,070100
CLOG,CITRA DERMAGA PERKASA,070100
CMBA,MBA CONTAINER,070100
CMSB,CONT MARCAPADA SUKSES BERSAMA,070100
CPSI,CONT PATRIOTS SAKTI INDONESIA,070100
CPSU,PSU CONTAINER,070100
CTPS,TPS CONTAINER,070100
CTTL,CONTAINER TELUK LAMONG,070100
GACS,ACSA CFS,070100
GALN,ALN CFS,070100
GBJT,BJTI CFS,070100
GDIJ,IJS CFS,070100
GEGI,GUDANG PT EGI,070100
GICT,TPS CFS,070100
GJAM,JAMRUD CFS,070100
GKPL,GUDANG KARANA PANORAMA LOGISTIK,070100
GMBA,GUDANG MBA,070100
GPSU,PSU CFS,070100
GTTL,GUDANG CFS TELUK LAMONG,070100
PLPA,PELINDO III CABANG TANJUNG PERAK,070100
SSSC,SURYA SEKAWAN SEJAHTERA,070100
PLUK,Pelabuhan Umum Kalianget,070200
TPA,TEMPAT PENIMBUNAN KALIANGET,070200
AMS,PT ASPAL MULTI SARANA,070300
BEST,PT. BATARA ELOK SEMESTA TERPADU,070300
BI01,GUDANG BARATA,070300
BMS,PT. BERLIAN MANYAR SEJAHTERA,070300
DMT6,PT DOVECHEM MASPION TERMINAL (TANGKI T-06 T-32),070300
ELOG,PT. EASTERN LOGISTIC,070300
FAII,FACTORY II ( GUDANG TERBUKA MILIK OMYA INDONESIA,070300
FIT1,Gudang PT Fertilizer Inti Technology,070300
GAK5,GUDANG 5 PT AKR CORPORINDO,070300
GCON,PT CONTINENTAL,070300
GDAT,Gudang Timbun Agro Tradisi,070300
GDEPE,PT ECO PRIMA ENERGI,070300
GHAS,PT. HARUM ALAM SEGAR,070300
GIBW,Gudang PT Indonesia Bike Works,070300
GOI2,PT. OMYA INDONESIA,070300
GSM1,PT. SUPARMA TBK,070300
IBWS,PT INDONESIA BIKE WORKS,070300
JP01,Gudang Terbuka PT Java Pasific,070300
KIAS,PT. KARYAINDAH ALAM SEJAHTERA,070300
LBM1,PT. BERKAH KAWASAN MANYAR SEJAHTERA,070300
LTPG,Lapangan Terbuka PT Petrokimia Gresik,070300
PAG1,BITUMEN PLANT GRESIK,070300
PAGE,PERAIRAN GRESIK,070300
PAP1,Gudang Milik PT. Aplus Pacific,070300
PEJA,PT. PETRO JORDAN ABADI,070300
PGR1,PT. SMELTING,070300
PGR2,PT. DOK PANTAI LAMONGAN,070300
PIBW,PT INDONESIA BIKE WORKS,070300
PKGA,PT KNAUF GYPSUM INDONESIA,070300
PKGI,PT KNAUF GYPSUM INDONESIA,070300
PKGS,PT. PETROKIMIA GRESIK,070300
PKP2,PT KNAUF PLASTERBOARD INDONESIA,070300
PKP3,PT KNAUF PLASTERBOARD INDONESIA,070300
PKPI,PT KNAUF PLASTERBOARD INDONESIA,070300
PKPL,PT KNAUF PLASTERBOARD INDONESIA,070300
PONS,PT. PETRO OXO NUSANTARA GRESIK,070300
PPJB,PT PETROJAYA BORAL,070300
PPWG,PT PETRO WIDADA GRESIK,070300
PTPB,PT PETROJAYA BORAL,070300
PWID,PT. PETROWIDADA GRESIK,070300
SFG1,PT. FFGI ( SILO),070300
SFGI,PT FFGI (SILO NO.102-103-104-108-110-111-115),070300
SIAM,TANGKI PT TPC INDONESIA,070300
SIMA,PT. SIAM MASPION GRESIK,070300
SMGS,PT. SEMEN GRESIK,070300
TIJ1,PT. DOVECHEM MASPION TERMINAL (TANKI 03 DAN 04),070300
TKB1,TANGKI B MILIK PT. ASPAL MUTUAL SARANA,070300
TMT1,PT. MULTI TRADING PRATAMA,070300
TTP1,TANGKI A DAN B MILIK PT. ASPAL MULTI SARANA,070300
TUC1,PT. UNICHEMCANDI INDONESIA,070300
WNI,PT WILMAR NABATI INDONESIA,070300
GDSI,Gd. Semen Indonesia,070400
GHCI,Gudang Holcim Indonesia,070400
GTPP,TPPI,070400
GTTP,TPPI,070400
TTU,TERMINAL TRANSIT UTAMA,070400
G003,G003,070500
GAPL,Gudang Angkasa Pura Logistik,070500
GPOS,Gudang PT. Pos Indonesia,070500
JEXP,Gudang PT Jasa Angkasa Semesta Ekspor,070500
JIMP,Gudang PT Jasa Angkasa Semesta Impor,070500
03,Hanggar KB Bentoel,070600
MLG1,LAPANGAN PENIMBUNAN BANDARA ABD SALEH-MALANG,070600
1100,KALBUT SITUBONDO,071100
DABN,DABN PROBOLINGGO,071200
SIA,PT. SEMEN IMASCO ASIATIC,071200
CJI,Cheil Jedang Indonesia,071300
CMWI,Central Motor Wheel Indonesia,071300
KITE,KITE,071300
PCK,Gudang Panverta Cakra Kencana,071300
TFJ,Gudang Tirta Fresindo Jaya,071300
YMPI,Yamaha Musical Product Indonesia,071300
APNR,GUDANG IMPOR PT ANGKASA PURA LOGISTIK,080100
BASS,GUDANG IMPOR PT BALI SURYA SENTOSA,080100
CEXP,GUDANG EKSPOR PT JASA ANGKASA SEMESTA. TBK,080100
CIMP,GUDANG IMPOR PT JASA ANGKASA SEMESTA. TBK,080100
EMLC,GUDANG EKSPOR KHRISNA MULTI LINTAS CEMERLANG,080100
GTPP,GUDANG TPP KPPBC TMP NGURAH RAI,080100
IMBP,GUDANG IMPOR PT BALI PANDAWA KENCANA UTAMA,080100
IMLC,GUDANG IMPOR KHRISNA MULTI LINTAS CEMERLANG,080100
IPOS,GUDANG IMPOR POS INDONESIA KANTOR DENPASAR,080100
TPB,GUDANG TPB,080100
BOA,BENOA,080200
CBW,CELUKAN BAWANG,080200
DPSBOA,BENOA,080200
NDGI,PT Nusa Dua Graha International,080200
NDI,Nusa Dua Indonesia,080200
NDIN,Nusa Dua Indonesia,080200
NGI,Gudang PT Nusa Dua Graha International,080200
PDPS,Pos Denpasar,080200
PLB1,PELABUHAN BENOA,080200
G001,GROUP 001,080300
GD04,TPS ANGKASA PURA,080300
GKEK,GKEK,080300
LKP,Luar Kawasan Pabean,080300
LP01,Lapangan Penimbunan Lembar,080300
MGPA,PU MGPA,080300
PKHY,SITE PROJECT PELABUHAN KAYANGAN,080300
AMNT,Gudang PT. Amman Mineral Nusa Tenggara,080400
GDBD,Gudang Badas,080400
GDBM,Gudang Bima,080400
GDUI,GUDANG PT. UNISERV INDONESIA - SUMBAWA BARAT NTB,080400
GSMS,Gudang PT. Sukses Mantap Sejahtera,080400
0001,Tenau,080500
0002,Gudang Tenau,080500
0003,El Tari,080500
0004,Waingapu,080500
3,ALAK TENAU,080500
01,Gudang Penimbunan Ende,080700
IPPI,PELABUHAN IPPI ENDE,080700
LBJ,BANDAR UDARA KOMODO,080700
LSAY,PELABUHAN L SAY MAUMERE,080700
TSMU,TANGKI SARANA MBAY UTAMA,080700
XMOF,TEMPAT LAIN YANG DIPERSAMAKAN DENGAN TPS,080700
BOA,BENOA,081200
CBW,CELUKAN BAWANG,081200
GDIM,GUDANG IMPORTIR,081400
GDIMP,GUDANG IMPORTIR,081400
PLBN,PLBN,081400
TL,TEMPAT LAIN,081400
DAPK,DERMAGA PELABUHAN KIJING,090100
GAPK,GUDANG ANGKASA PURA KARGO,090100
GILK,GUDANG IMPOR LUAR KAWASAN,090100
GIPK,PELABUHAN KIJING,090100
GIPP,GUDANG IMPOR PELABUHAN PONTIANAK,090100
GP001,Group Gudang 01,090100
GPOS,Group Gudang Kantor Pos,090100
KPLB,Kantor Pos Lalu Bea,090100
0200,GUDANG ENTIKONG,090200
GETK,GUDANG ENTIKONG,090200
PLBNETK,PLBN ENTIKONG,090200
plbnetk,PLBN ENTIKONG,090200
G001,Gudang Kawasan Pabean,090400
G002,Gudang Luar Kawasan Pabean,090400
G1,GUDANG 1,090400
Gd1,Kawasan Pabean,090400
Gudang Luar Kawasan Pabean,Gudang Luar Kawasan Pabean,090400
Gudang1,Kawasan Pabean,090400
EKSP,LAP./GUDANG MILIK EKSPORTIR,090500
IMPO,LAP./GUDANG MILIK IMPORTIR,090500
SIN1,PELABUHAN SINTETE,090500
SIN2,PPLB ARUK,090500
002,GUDANG IMPORTIR,090700
0200,PELABUHAN BAGENDANG,090700
0300,GUDANG IMPORTIR,090700
0400,KAWASAN BERIKAT,090700
200,Pelabuhan Bagendang,090700
IDSMQ,SAMPIT,090700
KB,KAWASAN BERIKAT,090700
KB1,SUKAJADI SAWIT MEKAR,090700
KB2,SINARJAYA INTI MULYA,090700
002,LUAR KAWASAN PABEAN,090800
CBU,PT. Citra Borneo Utama,090800
KBCBU,KB Citra Borneo Utama,090800
102,Diluar Kawasan Pabean,090900
GDIM,Gudang Importir,090900
JETTYBERINGIN,JETTY BERINGIN,090900
JETTYPELINDO3,JETTY PELINDO III,090900
IDNB,IDNBF,091000
idnb,IDNBF,091000
GILK,GUDANG IMPOR LUAR KAWASAN,092000
TPE1,Tempat Penimbunan Ekspor,092000
TPSBRI1,TPS Bukit Raya Indah,092000
WHS1,PT Wana Hijau Semesta,092000
WRT1,Dermaga I Wirata Daya BP - Sentimok,092000
WRT2,Dermaga II Wirata Daya BP - Sentimok,092000
AS,PABRIK PT ATA SURYA - MANTUIL,100100
ASAM,ASAM-ASAM,100100
ASD,ADDSD,100100
BDJ,SAMSUDIN NOOR,100100
G001,GROUP 001,100100
GMRP,PT GUNUNG MERANTI RAYA PLYWOOD,100100
HEND,GUDANG PT.HENDRATNA,100100
IDDS,GUDANG PT. DAYA SAKTI - JELAPAT DS. TAMBAN,100100
IMPG,Gudang Importir,100100
PTAS,PT ATA SURYA,100100
SNOR,BANDARA SAMSUDIN NOOR,100100
TPB1,TPS Banjarmasin,100100
TRIS,GUDANG A TRISAKTI,100100
TRP,LOKASI PABRIK TRP JELAPAT,100100
WILL,WILAYAH LUAR PELABUHAN,100100
G001,G001,100200
IDBTW,BATULICIN,100200
IDKBU,KOTABARU,100200
IDPL,PULAU LAUT,100200
IDPUT,PULAU LAUT,100200
IDTJ,Tarjun,100200
SDOI,SIME DARBY OILS INDONESIA,100200
SDOPLR,SDOPLR,100200
SMART,SMART TBK.,100200
WBTL,BATU LICIN ,100200
idkb,kotabaru,100200
BATU,TG.BATU,100300
FDX1,GUDANG FEDEX EXPRESS INTERNATIONAL,100300
GAPU,ANGKASA PURA I,100300
GDHL,GUDANG DHL,100300
KARO,KARIANGAU,100300
SEMA,SEMAYANG,100300
A001,KAWASAN PABEAN,100500
A002,LUAR KAWASAN PABEAN,100500
A003,Palaran Blok E slot 30-35,100500
G001,KAWASAN PABEAN,100500
G002,LUAR KAWASAN PABEAN,100500
G003,Palaran Blok E slot 30-35,100500
BNTG,GUDANG BONTANG,100600
BTG,GUDANG BONTANG,100600
EN02,GUDANG ENERGI UNGGUL KB,100600
EN03,GUDANG ENERGI UNGGUL PLB,100600
GDBNTG,GUDANG BONTANG,100600
GROUP BNTG,GROUP GUDANG BONTANG,100600
bntg,GUDANG BONTANG,100600
1,TARAKAN,100800
99,TARAKAN,100800
BRAU,BERAU,100800
BRAU1,BERAU,100800
GBDJG,BERAU,100800
T1,12,100800
TARAKAN,TARAKAN,100800
TRKN,TARAKAN,100800
BAP SBT,GB BAP SBT,100900
BAPNNK,BAP NUNUKAN,100900
BAPSBT,BAP SEBATIK,100900
BSA NUNUKAN,BSA NUNUKAN,100900
BSA Sebatik,BSA Sebatik,100900
BSASBT1,GB BSA Sebatik 1,100900
CTSI,GB CTSI,100900
GB BSA Sebatik,GB BSA Sebatik,100900
LBW,LONG BAWAN,100900
NNK,NUNUKAN,100900
SBB NNK,SBB NUNUKAN,100900
SBG,SEMBAKUNG,100900
SBK,SEBUKU,100900
SBS,SEBAKIS,100900
SBT,SEBATIK,100900
SBT1,Sebatik,100900
SBTK,SEBATIK,100900
SBU,SEBAUNG,100900
SDB NNK,GB SDB NNK,100900
SGRS,SEIMENGGARIS,100900
SMN,Sungai Manurung,100900
SMR,SUNGAI MANURUNG,100900
SN,SUNGAI NYAMUK,100900
SNK,SIANAK,100900
SPC,SUNGAI PANCANG,100900
STW,Sei Taiwan,100900
SUL,Sungai Ular,100900
seba,-,100900
0001,GUDANG KPC,101000
0002,LUAR KAWASAN PABEAN,101000
0004,KPC LUBUK TUTUNG,101000
0005,PELABUHAN TANJUNG BARA,101000
0006,KAWASAN BERIKAT PT PSS,101000
03,PELABUHAN MALOY,101000
BDR,BANDARA SULTAN HASANUDDIN,110100
CYH,KAWASAN GD. 104-105,110100
CYS,KAWASAN GD. 101-103,110100
EPFM,Eastern Pearl Flour Mills,110100
G104,PANGKALAN SOEKARNO / 104,110100
GBMT,GUDANG BERIKAT,110100
GMNP,MAKASSAR NEW PORT,110100
GPHT,PANGKALAN HATTA / CONTAINER YARD,110100
KBR,KAWASAN BERIKAT,110100
LKP,LUAR KAWASAN PABEAN,110100
TPP,TEMPAT PENIMBUNAN PABEAN,110100
002,PELABUHAN GARONGKONG BARRU,110300
BLG,KAWASAN BERIKAT PT BIOTA LAUT GANGGANG,110300
BSU,STORAGE TANK PT. BSU PAREPARE,110300
BSU1,STORAGE TANK PT. BSU BELANG-BELANG,110300
DKPMMJ,Diluar Kawasan Pabean Mamuju,110300
DKPPSBM,Diluar Kawasan Pabean Pabrik Semen Bosowa Maros,110300
KON,KON,110300
MTP,STORAGE TANK PT.MTP,110300
PSI,KAWASAN BERIKAT PT. PHILLIPS SEAFOODS INDONESIA,110300
0002,KB PT Bumi Mineral Sulawesi,110400
0004,Luar Kawasan Pabean,110400
BLTG,BALANTANG,110400
KBMS,Kawasan Berikat PT BMS,110400
LKPB,LUAR KAWASAN PABEAN,110400
LKPN,LUAR KAWASAN PABEAN,110400
MGKS,MANGKASA POINT,110400
GTPI,Tempat Penimbunan Importir,110600
PKNP,TERMINAL PETIKEMAS KENDARI NEW PORT,110600
TPBB,TANGKI PERTAMINA BAU-BAU,110600
TPI,TEMPAT PENIMBUNAN IMPORTIR,110600
pknp,TPS KNP ,110600
GI,Gudang Importir,110800
GUIM,Gudang Importir,110800
MMJU,Mamuju,110800
OKE,Tes Gudang,110800
PALU,Palu,110800
PLNO,Pelabuhan Pelindo Pantoloan,110800
PSKY,Tangki darat PT. TANJUNG SARANA LESTARI,110800
PTLN,Pantoloan,110800
TLON,PT Toloan,110800
TPI,Tempat Penimbunan Importir,110900
TPI01,Tempat Penimbunan Importir Morut,110900
TPI02,Tempat Penimbunan Importir,110900
LUW,Luwuk,111000
AKR,PT AKR CORPORINDO TBK,111100
AMR,PT. AGRO MAKMUR RAYA,111100
BMM,TANGKI ASPAL PT. BERKAH MULIA MANDIRI,111100
DMG3,DERMAGA 3 PT PELINDO IV TERMINAL PETIKEMAS BITUNG,111100
DPI,PT DELTA PASIFIC INDOTUNA,111100
GBSA,Gudang PT Badannu Sebatik Abadi,111100
GD01,GUDANG CFS,111100
GMNS,GUDANG PT MULTI NABATI,111100
GNCI,GUDANG NUSANTARA COCONUTS INTERNATIONAL,111100
IJB,PT INDOMALAY JAYA BERSAMA,111100
LAP,Pelindo,111100
LAP1,Lapangan Kontainer,111100
MNS,PT. MULTI NABATI SULAWESI,111100
PCD,GUDANG PACEDA,111100
SIP,PT. SALIM IVOMAS PRATAMA TBK.,111100
SLM,PT SONOK LESTARI MAS,111100
SMS,PT. SAMUDRA MANDIRI SENTOSA,111100
SPFI,PT. SINAR PURE FOODS INTERNATIONAL,111100
TSBU,TANKI SARANA BITUNG UTAMA,111100
0001,GUDANG IMPORTIR,111200
0004,AMURANG,111200
0006,TPS KANTOR POS,111200
1,GUDANG IMPORTIR,111200
2,TPS KANTOR POS,111200
AP1,PT Angkasa pura 1,111200
BB1,PLTA Bone Bolango,111300
BMSJ,Gudang Biomasa Jaya,111300
BNBL,PLTMH Bone Bolango Energi,111300
G03,Grup 3,111300
GDBS,Terminal Aspal Curah BSU,111300
GDPG,Gudang Pabrik Gula Gorontalo,111300
GR03,Gorontalo 03,111300
GTO,Gorontalo,111300
MR1,Depo Anggrek,111300
MR3,Pelabuhan Marisa,111300
MRS,Pelabuhan Marisa Maleo,111300
TM1,PLTU TANJUNG KARANG,111300
TN1,Depo Tanto,111300
G002,GD.PELABUHAN YOS SUDARSO,120100
G003,GD.PELABUHAN TBBM WAYAME,120100
G004,GD. PELABUHAN OPIN,120100
G005,GD. PELABUHAN TULEHU,120100
G006,GD. Bandara Pattimura ,120100
G009,PELABUHAN NAMLEA,120100
G01,Grup Gudang,120100
G010,GD. PELABUHAN BULA,120100
GR002,GUDANG LUAR  KAWASAN PABEAN,120100
GR02,Gudang Luar Kawasan Pabean,120100
TPI,TEMPAT PENIMBUNAN IMPORTIR,120100
05,luar lokasi pabean,120200
GLDK,GUDANG DILUAR KAWASAN PABEAN,120200
GLX,GALELA,120200
GTBP,GUDANG PT. TRIMEGAH BANGUN PERSADA,120200
LLP,LUAR LOKASI PABEAN,120200
LPGP,LAPANGAN WEDA BAY NICKEL,120200
LTBP,LAPANGAN TRIMEGAH BANGUN PERSADA,120200
LWBN,LAPANGAN WEDA BAY NICKEL,120200
LWP,LAPANGAN WANATIARA PERSADA,120200
MSPO,Lapangan MSP Pulau OBI,120200
TPI,Tempat Penimbunan Importir,120200
BSU,Tangki PT. Bumi Sarana Utama,120300
GKLM,Gudang Kargo Lintas Megantara,120300
KBSQ,Kolam Bandar Sorong,120300
LINI,Diluar Kawasan Pabean,120300
PTRS,PT PETROSEA TBK,120300
TLKP,TEMPAT LAIN KAWASAN PABEAN,120300
CWSM,CAMP SAWMILL - MANOKWARI SELATAN,120400
MMKW,TEMPAT PENIMBUNAN MARUNI MANOKWARI,120400
1,PELABUHAN,120600
2,GUDANG KOYA TIMUR JAYAPURA,120600
ABUS,Apron Bandar Udara Sentani,120600
APLS,GUDANG PT. ANGKASA PURA LOGISTIK SENTANI,120600
APO,Pelabuhan APO Jayapura,120600
BPAJ,PELABUHAN APO JAYAPURA,120600
GKTJ,GUDANG KOYA TIMUR JAYAPURA,120600
GUDANG BANDARA SENTANI,GUDANG BANDARA SENTANI,120600
GUDANG KOYA TIMUR JAYAPURA,GUDANG KOYA TIMUR JAYAPURA,120600
HAVJ,HANGGAR ADVENTIST AVIATION JAYAPURA,120600
HGMS,HANGGAR MAF SENTANI,120600
HPUS,HANGGAR POLISI UDARA SENTANI,120600
HYJS,HANGGAR YAJASI SENTANI,120600
IDSJ,PT. AMA KOMP. BANDARA SENTANI,120600
JYPR,GUDANG PELABUHAN JAYAPURA,120600
LJYP,LAPANGAN PENIMBUNAN PELABUAHN JAYAPURA,120600
MAF,Hanggar MAF,120600
SDAS,SANGGAR DIMONIM AIR SENTANI,120600
STNI,GUDANG BANDARA SENTANI,120600
TLKB,TELKOM BASE G,120600
001,KAWASAN PABEAN,120700
002,LUAR KAWASAN PABEAN,120700
MOP,BANDARA MOPAH,120700
CDAP,CARGO DOCK - AMAMAPARE,120800
MKAP,MOSES KILANGIN - AMAMAPARE,120800
PMKO,PELABUHAN POMAKO,120800
01,SINAR JAYA WIJAYA,120900
02,SINAR WIJAYA PLYWOOD INDUSTRIES,120900
05,BIK1,120900
BIK1,BIAK,120900
KB,SINAR WIJAYA PLYWOOD INDUSTRIES,120900
NB1,NABIRE BARU,120900
SER1,SERUI,120900
DOBO,DOBO,121000
LUV,TUAL,121000
PLNS,PLN Saumlaki,121000
SIS,SIS Tual,121000
SMLX,SAUMLAKI,121000
LNGC,LNG COMBO DOCK,122300
LNGJ,LNG JETI,122300
LNGT,LNG TANGGUH,122300
LNGT-I,LNG TANK I,122300
LNGT-II,LNG TANK II,122300
TL,TEMPAT LAIN DI LUAR KAWASAN PABEAN,122300
GBB2,Gudang GBB2 Perum Bulog,130100
GLCI,Gudang penimbunan PT. Lafarge Cement Indonesia,130100
GPMH,Gudang penimbunan PT. Pelindo Malahayati,130100
GSIM,gudang cargo bandara SIM,130100
GSIM01,GUDANG CARGO BANDARA SIM,130100
TABS,Tangki penimbunan PT. Asphalt Bangun Sarana,130100
TSAU,Tangki penimbunan PT. Sarana Aceh Utama,130100
GDMPG,GUDANG MPG NAGAN RAYA,130400
GMPG,PT. MEULABOH POWER GENERATION,130400
TCSI,PT Calang Sejati Indah,130400
003,KRUENG GEUKUH,130500
AMB,Aceh Makmur Bersama,130500
G001,GROUP 001,130500
G002,Gudang Pelabuhan,130500
GALF,GUDANG ALFATA,130500
GARUN,Gudang Arun,130500
GBBI,Gudang Beras Bulog Lhokseumawe,130500
GBBL,GUDANG BERAS BULOG LHOKSEUMAWE,130500
GEPS,GUDANG ENERGI PULAU SUJA,130500
GGP,Great Giant Pineapple,130500
GGP3,GUDANG GREAT GIANT PINEAPPLE,130500
GKKA,Gudang KKA ,130500
GLSW,GUDANG LHOKSEUMAWE,130500
GPTK,Pertamina Trans Kontinental,130500
GTIP,Gudang Importir Teguh,130500
KTS,Karya Tanah Subur,130500
P001,Premier Oil,130500
P002,Premier Oil 2,130500
PIM,Pupuk Iskandar Muda,130500
PIM01,PUPUK ISKANDAR MUDA,130500
SJI,Sukses Jaya Internusa,130500
TK01,Tangki Penimbunan Aspal Krueng Geukeuh,130500
0001,Gudang PT Pelindo,130600
0002,Pelabuhan Kuala Langsa,130600
0304,TANGKI PT. AMI,130600
DL1,GD DOULTON,150300
A001,MARUNDA,160200
GKPI, KAPUK NIAGA INDONESIA,160200
KEPS,KEPULAUAN SERIBU,160200
cj01,cj logistik,160200
cluster 1,cluster 1,160200
sg02,sarana gemilang KBN marunda,160200
BWX,BANDARA BLIMBINGSARI,160700
CBWI,CANDRIAN BANYUWANGI,160700
PM,PUSLATPUR MARINIR 5,160700
STIN,TUKS PT. Summitama Intinusa,160700
TJWG,Tanjung Wangi,160700
TPM,TANKI PERTAMINA,160700